first_name,last_name,gender,constituency_name,party_name
Gerry,Adams,Male,Louth,Sinn Fein
Barbara,Ahern,Female,Cork East,Fianna Fail
Sheikh Mohiuddin,Ahmed,Male,Waterford,Independent
Patrick,Akpoveta,Male,Dublin Mid-West,Independent
Siobhan,Ambrose,Female,Tipperary,Fianna Fail
Chris,Andrews,Male,Dublin Bay South,Sinn Fein
Catherine,Ardagh,Female,Dublin South-Central,Fianna Fail
Bobby,Aylward ,Male,Carlow-Kilkenny,Fianna Fail
Maria,Bailey,Female,Dun Laoghaire,Fine Gael
James ,Bannon,Male,Longford-Westmeath,Fine Gael
Tom,Barry,Male,Cork East,Fine Gael
Mick,Barry,Male,Cork North-Central,People Before Profit Alliance
Joe,Behan,Male,Wicklow,Independent
Michael,Beirne,&quot;&quot;,Kildare North,Independent
Nora,Bennis,Female,Limerick City,Catholic Democrats
Lorna ,Bogue,Female,Cork South-Central ,Green Party
Joe,Bonner,Male,Meath East,Independent
Kate,Bopp,Female,Offaly,Independent
Richard,Boyd-Barrett ,Male,Dun Laoghaire,People Before Profit Alliance
Paul ,Bradford,Male,Cork East,Renua
David ,Bradley,Male,Louth,Independent
Neville,Bradley,Male,Dublin South-Central,Direct Democracy Ireland
John,Brady,Male,Wicklow,Sinn Fein
John ,Brassil,Male,Kerry,Fianna Fail
Declan ,Breathnach,Male,Louth,Fianna Fail
Declan,Bree,Male,Sligo-Leitrim,Independent
Pat,Breen,Male,Clare,Fine Gael
Sharon,Briggs,Female,Wicklow,People Before Profit Alliance
Colm,Brophy,Male,Dublin South-West,Fine Gael
Tommy,Broughan,Male,Dublin Bay North,Independents 4 Change
James,Browne,Male,Wexford,Fianna Fail
Seamus,Browne,Male,Limerick County,Sinn Fein
Richard,Bruton,Male,Dublin Bay North,Fine Gael
Pat,Buckley,Male,Cork East,Sinn Fein
Paddy,Bullman,Male,Cork East,Independent
Peter,Burke,Male,Longford-Westmeath,Fine Gael
Declan ,Burke,Male,Dublin South-West,Independent
Christy,Burke,Male,Dublin Central,Independent
Joan ,Burton,Female,Dublin West,Labour Party
Ray,Butler,Male,Meath West,Fine Gael
Mary,Butler,Female,Waterford,Fianna Fail
Jerry,Buttimer,Male,Cork South-Central ,Fine Gael
Malcolm,Byrne,Male,Wexford,Fianna Fail
Aoife,Byrne,Female,Wexford,Fianna Fail
Catherine,Byrne,Female,Dublin South-Central,Fine Gael
Eric,Byrne,Male,Dublin South-Central,Labour Party
Thomas,Byrne,Male,Meath East,Fianna Fail
Richard ,Cahill,Male,Clare,Independent
Jackie,Cahill,Male,Tipperary,Fianna Fail
Micheal,Callaghan,Male,Cavan-Monaghan,Green Party
Kevin,Callan,Male,Louth,Independent
Dara,Calleary,Male,Mayo,Fianna Fail
Sean ,Canney,Male,Galway East,Independent
Ross,Cannon,Male,Cork East,Independent
Ciaran,Cannon,Male,Galway East,Fine Gael
Joe ,Carey,Male,Clare,Fine Gael
Cathleen,Carney Boud,Female,Dublin North-West,Sinn Fein
Ger,Carthy,Male,Wexford,Independent
Pat ,Casey,Male,Wicklow,Fianna Fail
Dermot ,Casey,Male,Dublin West,Independent
Shane,Cassells,Male,Meath West,Fianna Fail
Marie,Casserly ,Female,Sligo-Leitrim,Independent
Lisa,Chambers,Female,Mayo,Fianna Fail
Jack,Chambers,Male,Dublin West,Fianna Fail
James ,Charity ,Male,Galway West,Independent
TJ,Clare,Male,Dublin West,Independent
Paul,Clarke,Male,Dublin Bay North,Independent
Lorraine ,Clifford Lee,Female,Dublin Fingal,Fianna Fail
Emma ,Coffey,Female,Louth,Fianna Fail
Paudie,Coffey,Male,Waterford,Fine Gael
Alan ,Coleman,Male,Cork South-West,Independent
Tony ,Coleman,Male,Roscommon-Galway,Independent
Clare ,Colleran Molloy,Female,Clare,Fianna Fail
Michael ,Collins,Male,Cork South-West,Independent
Niall,Collins,Male,Limerick County,Fianna Fail
Aine ,Collins,Female,Cork North-West,Fine Gael
Joan,Collins,Female,Dublin South-Central,Independents 4 Change
Seán,Conlan,Male,Cavan-Monaghan,Independent
Paul,Connaughton ,Male,Galway East,Fine Gael
Thomasina,Connell,Female,Laois,Fine Gael
Catherine,Connolly,Female,Galway West,Independent
John,Connolly,Male,Galway West,Fianna Fail
Anthony,Connor,Male,Louth,Direct Democracy Ireland
Eddie,Conroy,Male,Roscommon-Galway,People Before Profit Alliance
Caroline,Conroy,Female,Dublin North-West,Green Party
Ciara,Conway,Female,Waterford,Labour Party
Rose ,Conway-Walsh,Female,Mayo,Sinn Fein
Noel,Coonan,Male,Tipperary,Fine Gael
Donna,Cooney,Female,Dublin Bay North,Green Party
Ruth,Coppinger,Female,Dublin West,People Before Profit Alliance
Donal ,Corcoran,Male,Kerry,Renua
Marcella,Corcoran-Kennedy,Female,Offaly,Fine Gael
Alexander,Cosgrave,Male,Limerick County,Green Party
Joe,Costello,Male,Dublin Central,Labour Party
Simon,Coveney ,Male,Cork South-Central ,Fine Gael
Barry ,Cowen,Male,Offaly,Fianna Fail
Jerry,Cowley,&quot;&quot;,Mayo,Independent
Liam ,Coyne,Male,Dublin South-Central,Social Democrats
Michael,Creed,Male,Cork North-West,Fine Gael
Lucinda,Creighton ,Female,Dublin Bay South,Renua
Frank,Cronin,Male,Dun Laoghaire,Renua
Réada,Cronin,Female,Kildare North,Sinn Fein
Avril,Cronin,Female,Wicklow,Fine Gael
Sean,Crowe,Male,Dublin South-West,Sinn Fein
Declen,Crowe,Male,Kildare South,Independent
Mike ,Cubbard,Male,Galway West,Independent
Jennifer,Cuffe,Female,Wicklow,Fianna Fail
David,Cullinane,Male,Waterford,Sinn Fein
Shane,Curran,Male,Roscommon-Galway,Fianna Fail
John ,Curran,Male,Dublin Mid-West,Fianna Fail
Ken,Curtin,Male,Social Democrats,Cork East
Jim,Daly,Male,Cork South-West,Fine Gael
Clare,Daly,Female,Dublin Fingal,Independents 4 Change
Michael,D'Arcy,Male,Wexford,Fine Gael
Nicola ,Daveron,Female,Galway West,Renua
Mark,Dearey ,Male,Louth,Green Party
John,Deasy,Male,Waterford,Fine Gael
Marcus,De Brun,Male,Dublin Fingal,Independent
Jimmy ,Deenihan,Male,Kerry,Fine Gael
Pat,Deering,Male,Carlow-Kilkenny,Fine Gael
Nigel,Dennehy,Male,Cork North-West,Sinn Fein
Anne-Marie,Dermody,Female,Dublin South-West,Fine Gael
Alan,Deveron,&quot;&quot;,Dublin Rathdown,Renua
Máire,Devine,Female,Dublin South-Central,Sinn Fein
Cormac,Devlin,Male,Dun Laoghaire,Fianna Fail
Jimmy,Dignam,Male,Dublin North-West,The Workers' Party
Michael,Dillon,Male,Tipperary,Independent
Pearse,Doherty,Male,Donegal,Sinn Fein
Regina,Doherty ,Female,Meath East,Fine Gael
Gary ,Doherty ,Male,Donegal,Sinn Fein
Stephen,Donnelly,Male,Wicklow,Social Democrats
Paul ,Donnelly ,Male,Dublin West,Sinn Fein
Paschal ,Donohoe,Male,Dublin Central,Fine Gael
Timmy,Dooley,Male,Clare,Fianna Fail
Andrew,Doyle,Male,Wicklow,Fine Gael
Anna,Doyle,Female,Wicklow,People Before Profit Alliance
Mick,Duff,Male,Dublin South-West,Labour Party
Francis Noel,Duffy,Male,Dublin South-West,Green Party
Gerard,Dunne,Male,Kildare North,Independent
Una,Dunphy,Female,Waterford,People Before Profit Alliance
Bernard,Durkan,Male,Kildare North,Fine Gael
Mike,Durkan,&quot;&quot;,Cavan-Monaghan,Fianna Fail
John,Dwyer,Male,Wexford,Independent
Dessie,Ellis,Male,Dublin North-West,Sinn Fein
Damien,English,Male,Meath West,Fine Gael
Brian,Fagan,&quot;&quot;,Longford-Westmeath,Independent
Michael,Fahy,Male,Galway-East,Independent
Thomas Declen,Fallon,Male,Roscommon-Galway,Independent
Anne ,Farrell,Female,Roscommon-Galway,Renua
Alan ,Farrell,Male,Dublin Fingal,Fine Gael
Michael,Farrington,Male,Mayo,Renua
Sandra,Fay,Female,Dublin South-West,People Before Profit Alliance
Patrick ,Feeney,Male,Galway West,Independent
Anne ,Ferris,Female,Wicklow,Labour Party
Martin ,Ferris,Male,Kerry,Sinn Fein
Christopher,Fettes,Male,Offaly,Green Party
Finbarr ,Filan,Male,Sligo-Leitrim,Renua
Mick,Finn,Male,Cork South-Central ,Independent
Brian,Finucane,Male,Kerry,People Before Profit Alliance
Michael,Fitzgerald,Male,Kerry,Green Party
David,Fitzgerald,Male,Carlow-Kilkenny,Fine Gael
Jason,Fitzgerald,Male,Cork North-West,Renua
Frances ,Fitzgerald,Female,Dublin Mid-West,Fine Gael
Shane,Fitzgerald,Male,Kildare North,Renua
Mary ,Fitzgibbon,Female,Kerry,Independent
Gearóid,Fitzgibbon,Male,Tipperary,Green Party
Michael ,Fitzmaurice,Male,Roscommon-Galway,Independent
Peter,Fitzpatrick,Male,Dublin South-West,Independent
Mary,Fitzpatrick,Female,Dublin Central,Fianna Fail
Peter,Fitzpatrick,Male,Louth,Fine Gael
Eddie ,Fitzpatrick,Male,Offaly,Fianna Fail
Charlie,Flanagan,Male,Laois,Fine Gael
Paula ,Flanagan,Female,Donegal,Green Party
Terence,Flanagan,Male,Dublin Bay North,Renua
Sean,Fleming,Male,Laois,Fianna Fail
Mannix,Flynn,Male,Dublin Bay South,Independent
John,Foley,Male,Offaly,Independent
Sean,Forkan,Male,Mayo,Independent
Caroline,Foxe,Female,Wexford,Independent
Roslyn,Fuller,Female,Dublin Fingal,Independent
Kathleen ,Funchion,Female,Carlow-Kilkenny,Sinn Fein
James,Gaffney,Male,Limerick City,Green Party
Pat,Gallagher,Male,Donegal,Fianna Fail
Nigel,Gallagher,Male,Sligo-Leitrim,People Before Profit Alliance
Gary,Gannon,Male,Dublin Central,Social Democrats
Michael ,Gargan,&quot;&quot;,Dublin South-Central,Renua
Henry,Gaynor,Male,Kerry,Independent
Connie,Gerety-Quinn,Female,Longford-Westmeath,Fianna Fail
Jacqui,Gilbourne,Male,Dublin Central,Renua
Keith,Gilligan,&quot;&quot;,Carlow-Kilkenny,Independent
Ben ,Gilroy,Male,Meath East,Direct Democracy Ireland
Paul,Gogarty,Male,Dublin Mid-West,Independent
Trevor,Golden,Male,Meath West,Independent
William,Gorman,Male,Dublin Bay South,Independent
William,Gorman,Male,Dublin Central,Independent
Thomas,Gould,Male,Cork North-Central,Sinn Fein
Noel,Grealish,Male,Galway West,Independent
Pat,Greene,Male,Louth,Direct Democracy Ireland
Shirley,Griffin,Female,Cork North-West,Independent
Brendan ,Griffin ,Male,Kerry,Fine Gael
Des,Guckian,&quot;&quot;,Sligo-Leitrim,Independent
Jimmy,Guerin,Male,Dublin Bay North,Independent
André Sibo ,Hakizimana,&quot;&quot;,Clare,Independent
John,Halligan,Male,Waterford,Independent
Mary,Hanafin,Female,Dun Laoghaire,Fianna Fail
Paul,Hand,Male,Dublin South-Central,Independent
Dominic ,Hannigan,Male,Meath East,Labour Party
Joe,Hannigan ,Male,Offaly,Independent
Noel,Harrington,Male,Cork South-West,Fine Gael
Joe,Harris,&quot;&quot;,Cork South-Central ,Independent
Simon,Harris,Male,Wicklow,Fine Gael
Paddy,Harte,Male,Donegal,Fine Gael
Michael,Harty,Male,Clare,Independent
Natasha ,Harty,Female,Cork East,Green Party
Sean,Haughey,Male,Dublin Bay North,Fianna Fail
Tom ,Hayes,Male,Tipperary,Fine Gael
Desmond,Hayes,Male,Limerick City,Independent
Christopher,Healy,Male,Dublin Mid-West,Direct Democracy Ireland
Stephanie,Healy,Female,Longford-Westmeath,Direct Democracy Ireland
Seamus,Healy,Male,Tipperary,Independent
Fidelma,Healy-Eames,Female,Galway West,Independent
Michael ,Healy Rae,Male,Kerry,Independent
Danny,Healy-Rae,Male,Kerry,Independent
Theresa,Heaney,&quot;&quot;,Cork South-West,Catholic Democrats
James,Heffernan ,Male,Limerick County,Social Democrats
Deirdre,Heney,Female,Dublin Bay North,Fianna Fail
Sarah Jane ,Hennelly ,Female,Limerick City,Social Democrats
Lorraine ,Hennessy,&quot;&quot;,Dublin Mid-West,The Workers' Party
Miriam,Hennesy,Female,Roscommon-Galway,Green Party
Martin,Heydon,Male,Kildare South,Fine Gael
Lorraine ,Higgins,Female,Galway East,Labour Party
Mary ,Hoade,Female,Galway West,Fianna Fail
Paul,Hogan,Male,Longford-Westmeath,Sinn Fein
Julie,Hogan,Female,Wexford,Fine Gael
Sarah ,Holland,Female,Dublin South-West,Sinn Fein
Tommy,Holohan,Male,Galway West,People Before Profit Alliance
Maura ,Hopkins,Female,Roscommon-Galway,Fine Gael
Elizabeth,Hourihane,&quot;&quot;,Cork South-Central ,Independent
Mary,Howard,Female,Clare,Fine Gael
Brendan,Howlin,Male,Wexford,Labour Party
Bernie ,Hughes,Female,Dublin North-West,Independent
Kevin,Humphreys,Male,Dublin Bay South,Labour Party
Heather,Humphries,Female,Cavan-Monaghan,Fine Gael
Carol,Hunt,Female,Dun Laoghaire,Independent
Katrina,Hutchinson,Female,Wicklow,Direct Democracy Ireland
Tim,Jackson,Male,Donegal,Independent
Donal ,Jackson,Male,Longford-Westmeath,Independent
Peter,Jordan,&quot;&quot;,Mayo,Independent
Bob,Kearns,Male,Wicklow,Independent
Pamela ,Kearns,&quot;Male,Labour Party,Dublin South-West
Derek,Keating,Male,Dublin Mid-West,Fine Gael
Colm,Keaveney,Male,Galway East,Fianna Fail
Charlie,Keddy,Male,Wicklow,Independent
Andrew ,Keegan,Male,Dublin North-West,People Before Profit Alliance
Paul,Kehoe,Male,Wexford,Fine Gael
John Dominic,Keigher,Male,Dublin Bay South,Independent
Terry ,Kelleher,Male,Dublin Fingal,People Before Profit Alliance
Billy,Kelleher,Male,Cork North-Central,Fianna Fail
Leonard,Kelly,Male,Wexford,Social Democrats
Alan,Kelly,Male,Tipperary,Labour Party
John,Kelly,Male,Roscommon-Galway,Labour Party
Ciaran,Kenneally,Male,Cork South-Central ,Renua
Mary,Kennedy,Female,Kildare South,Renua
Niamh,Kennedy,Female,Donegal,Independent
Enda,Kenny,Male,Mayo,Fine Gael
Martin,Kenny,Male,Sligo-Leitrim,Sinn Fein
Gino,Kenny,Male,Dublin Mid-West,People Before Profit Alliance
Sharon ,Keogan,Female,Meath East,Independent
Mark ,Keogh,Male,Limerick County,Direct Democracy Ireland
Ger,Keohane,&quot;&quot;,Cork North-Central,Independent
Claire ,Kerrane,Female,Roscommon-Galway,Sinn Fein
Guinan,Kerry,&quot;&quot;,Dublin Central,Independent
Haroon,Khan,Male,Dublin Mid-West,Independent
Thomas,Kiely,Male,Cork North-Central,Independent
Tom,Kivlehan,Male,Dublin Mid-West,Green Party
Seán,Kyne,Male,Galway West,Fine Gael
John,Lahart,Male,Dublin South-West,Fianna Fail
Alan ,Lawes,&quot;&quot;,Meath West,Direct Democracy Ireland
James ,Lawless,Male,Kildare North,Fianna Fail
Anthony,Lawlor,Male,Kildare North,Fine Gael
Rose,Leadbetter ,Female,,Independent
John,Leahy,Male,Offaly,Renua
Clare,Leonard,Male,Dublin Mid-West,Independent
Ciara,Leonardi Roche,Female,Cork East,People Before Profit Alliance
Mary,Linehan Foley,Female,Cork East,Independent
David,Lloyd,Male,Wexford,Direct Democracy Ireland
Michael,Lowry,Male,Tipperary,Independent
Glenna ,Lynch,Female,Dublin Bay South,Social Democrats
Ciaran ,Lynch,Male,Cork South-Central ,Labour Party
Ian,Lynch,Male,Clare,Independent
Kathleen,Lynch,Female,Cork North-Central,Labour Party
John,Lyons,Male,Dublin North-West,Labour Party
John,Lyons,Male,Dublin Bay North,People Before Profit Alliance
Mícheál,Mac Donncha,Male,Dublin Bay North,Sinn Fein
Cormac,MacKay,Male,Dublin North-West,Direct Democracy Ireland
Conor,Mac Liam,Male,Carlow-Kilkenny,People Before Profit Alliance
Padraig,MacLochlainn,Male,Donegal,Sinn Fein
Chris,MacManus,Male,Sligo-Leitrim,Sinn Fein
Marc,MacSharry,Male,Sligo-Leitrim,Fianna Fail
Alan,MacStiofain,Male,Dublin Bay South,Independent
Josepha,Madigan,Female,Dublin Rathdown,Fine Gael
Manchán ,Magan,Male,Longford-Westmeath,Green Party
John,Malone,Male,Meath West,Independent
Eamonn,Maloney,Male,Dublin South-West,Independent
Paddy,Manning,&quot;&quot;,Carlow-Kilkenny,Independent
Stephen ,Manning,&quot;&quot;,Mayo,Independent
Cormac,Manning,Male,Cork North-West,Green Party
Catherine,Martin,Female,Dublin Rathdown,Green Party
Barry ,Martin,Male,Dublin Fingal,Independents 4 Change
Micheál,Martin,Male,Cork South-Central ,Fianna Fail
Peter ,Matthews,Male,Dublin Rathdown,Independent
Steven,Matthews,Male,Wicklow,Green Party
Paul,McAuliffe,Male,Dublin North-West,Fianna Fail
Frank,McBrearty,Male,Donegal,Independent
Noel,McCarthy,Male,Cork East,Fine Gael
Kieran,McCarthy,Male,Cork East,Independent
Rachel ,McCarthy,Female,Cork South-West,Sinn Fein
Michael,McCarthy,Male,Cork South-West,Labour Party
Charlie,McConalogue,Male,Donegal,Fianna Fail
Mick,McDermott,Male,Cavan-Monaghan,Direct Democracy Ireland
Michael ,McDonagh,Male,Clare,Fianna Fail
Séamus ,McDonagh,Male,Meath East,The Workers' Party
Mary Lou,McDonald,Female,Dublin Central,Sinn Fein
Tracy,McElhinney,Female,Meath West,Labour Party
Suzanne,McEneaney,&quot;&quot;,Kildare South,Green Party
Helen,McEntee,Female,Meath East,Fine Gael
Gabrielle,McFadden,Female,Longford-Westmeath,Fine Gael
Ian,McGarvey,Male,Donegal,Independent
Finian,McGrath,Male,Dublin Bay North,Independent
Michael,McGrath,Male,Cork South-Central ,Fianna Fail
Mattie,McGrath,Male,Tipperary,Independent
John,McGuinness,Male,Carlow-Kilkenny,Fianna Fail
David,McGuinness ,Male,Dublin West,Independent
Joe,McHugh,Male,Donegal,Fine Gael
Cormac,McKay,Male,Dublin Central,Independent
Patrick,McKee,Male,Carlow-Kilkenny,Renua
Noel,McKervey,Male,Longford-Westmeath,Catholic Democrats
Tony,McLoughlin,Male,Sligo-Leitrim,Fine Gael
Fiona,McLoughlin-Healy,Female,Kildare South,Fine Gael
Ronan,McMahon,Male,Dublin South-West,Renua
Seamus,McMenamin,Male,Meath West,Green Party
Anne-Marie ,McNally,Female,Dublin Mid-West,Social Democrats
Michael ,McNamara,Male,Clare,Labour Party
Jimmy,Mee,Male,Cavan-Monaghan,Independent
Aengus,Melia,Male,Galway East,Direct Democracy Ireland
Ashling,Merriman,Female,Kildare North,People Before Profit Alliance
James,Miller,&quot;&quot;,Longford-Westmeath,Independent
Denise,Mitchell,Female,Dublin Bay North,Sinn Fein
Mary ,Mitchell-O’Connor ,Female,Dun Laoghaire,Fine Gael
Michael,Mohally,Male,Cork South-Central ,Independent
Gerry,Molloy,&quot;&quot;,Dublin Fingal,Renua
Emmet,Moloney,Male,Wexford,Independent
Annette,Mooney,Female,Dublin Bay South,People Before Profit Alliance
Michael ,Mooney,Male,Donegal,Independent
Sinead,Moore,Female,Laois,Green Party
Tom,Moran,Male,Mayo,People Before Profit Alliance
Mary,Moran,Female,Louth,Labour Party
Kevin,Moran,Male,Longford-Westmeath,Independent
Oliver ,Moran,Male,Cork North-Central,Green Party
Noeleen,Moran,Female,Clare,Sinn Fein
James,Morgan,Male,Longford-Westmeath,Independent
Norma,Moriarty,Female,Kerry,Fianna Fail
Séamus,Morris,Male,Tipperary,Sinn Fein
Michael,Moynihan,Male,Cork North-West,Fianna Fail
Aindrias ,Moynihan ,Male,Cork North-West,Fianna Fail
Michelle,Mulherin,Female,Mayo,Fine Gael
Dermot ,Mulqueen,Male,Clare,Independent
Imelda,Munster,Female,Louth,Sinn Fein
Jennifer,Murnane O’Connor,Female,Carlow-Kilkenny,Fianna Fail
Eugene,Murphy,Male,Roscommon-Galway,Fianna Fail
Paul ,Murphy,Male,Dublin South-West,People Before Profit Alliance
Mick,Murphy,Male,Cork North-Central,Independent
Dara,Murphy,Male,Cork North-Central,Fine Gael
Kevin ,Murphy,&quot;&quot;,Kerry,Independent
Eoghan ,Murphy,Male,Dublin Bay South,Fine Gael
Marie ,Murphy,Female,Tipperary,Fine Gael
Catherine,Murphy,Female,Kildare North,Social Democrats
Tony,Murphy ,Male,Dublin Fingal,Independent
Margaret,Murphy O’Mahony,Female,Cork South-West,Fianna Fail
Richard,Murray,Male,Dublin South-Central,Independent
Eamon,Murray,Male,Sligo-Leitrim,Independent
Johnny,Mythen,Male,Wexford,Sinn Fein
Gerald ,Nash,Male,Louth,Labour Party
Hildegarde ,Naughten,Female,Galway West,Fine Gael
Denis,Naughten,Male,Roscommon-Galway,Independent
Tom,Neville,Male,Limerick County,Fine Gael
Sorcha ,Nic Cormaic,Female,Dublin Rathdown,Sinn Fein
Cordelia,Nic Fhearraigh,Female,Donegal,Fis Nua
Máiréad,Ní Chróinín,Male,Galway East,Green Party
Maebh,Ní Fhallúin,Female,Kildare North,Green Party
Derek ,Nolan,Male,Galway West,Labour Party
Carol,Nolan,Female,Offaly,Sinn Fein
Malcolm ,Noonan,Male,Carlow-Kilkenny,Green Party
Michael ,Noonan,Male,Limerick City,Fine Gael
Catherine ,Noone,Female,Dublin West,Fine Gael
Ann,Norton,Female,Clare,Independent
Gerry,O'Boyle,Male,Mayo,Independent
Emmett,O'Brien,Male,Limerick County,Independent
Jo,O'Brien,Female,Dublin West,Renua
Niamh,O'Brien,Female,Clare,Fis Nua
Joe,O'Brien,Male,Dublin Fingal,Green Party
Johnathan,O'Brien,Male,Cork North-Central,Sinn Fein
Darragh,O'Brien,Male,Dublin Fingal,Fianna Fail
Michael,O'Brien,Male,Dublin Bay North,People Before Profit Alliance
Shane,O'Brien ,Male,Dun Laoghaire,Sinn Fein
Eoin ,O'Broin,Male,Dublin Mid-West,Sinn Fein
Sean,O'Buachalla ,Male,Meath East,Green Party
Diarmaid,O'Cadhla,Male,Cork South-Central ,Independent
Jim,O'Callaghan,Male,Dublin Bay South,Fianna Fail
Cian,O'Callaghan,Male,Dublin Bay North,Social Democrats
Caoimhgh,O'Caolain,Male,Cavan-Monaghan,Sinn Fein
Trevor,O'Clochartaigh,Male,Galway West,Sinn Fein
Proinsias,o'Conor,Male,Dublin Bay North,Independent
Jim,O'Connell,Male,Cork South-Central ,People Before Profit Alliance
Fergal,O'Connell,Male,Dublin Fingal,Independent
Aoife,O'Connell,&quot;&quot;,Cavan-Monaghan,Direct Democracy Ireland
Kate,O'Connell,Female,Dublin Bay South,Fine Gael
Eamon,O'Cuiv,Male,Galway West,Fianna Fail
Willie ,O'Dea,Male,Limerick City,Fianna Fail
Michael,O'Donnell,&quot;&quot;,Cork North-West,Communist Party of Ireland
Kieran,O'Donnell,Male,Limerick City,Fine Gael
Grace,O'Donnell,Female,Kerry,Fine Gael
Richard ,O'Donoghue,&quot;&quot;,Limerick County,Independent
Patrick,O'Donovan,Male,Limerick County,Fine Gael
Deirdre,O'Donovan,Female,Dublin South-West,Independent
Michael,O'Dowd,Male,Louth,Renua
Fergus,O'Dowd,Male,Louth,Fine Gael
Diana,O'Dwyer,Female,Dublin Central,People Before Profit Alliance
Sean,O'Fearghail,Male,Kildare South,Fianna Fail
Diarmuid ,O'Flynn,Male,Cork North-West,Independent
Roderic ,O'Gorman,Male,Dublin West,Green Party
John,O'Gorman,Male,Limerick County,Independent
Frank,O'Gorman,Male,Dublin South-West,Independent
Michael ,O'Gorman,Male,Kerry,Independent
Oisin,O'hAlmhain,Male,Dublin South-Central,Green Party
Bernie ,O'Hara,&quot;&quot;,Sligo-Leitrim,Independent
Leslie,O'Hora,Male,Sligo-Leitrim,Green Party
Kevin,O'Keefe,Male,Cork East,Fianna Fail
Susan,O'Keefe,Female,Sligo-Leitrim,Labour Party
Donnchadh,O'Laoghaire,Male,Cork South-Central ,Sinn Fein
Paddy ,O'Leary,Male,Cork North-Central,Renua
Fiona ,O'Leary,&quot;&quot;,Cork South-West,Independent
Julie,O'Leary,Female,Cork North-Central,Fine Gael
Peter,O'Loughlin,Male,Cork North-Central,Independent
Fiona ,O'Loughlin,Female,Kildare South,Fianna Fail
Johnny,O'Mahony,Male,Cork South-West,Green Party
John ,O'Mahony,Male,Galway West,Fine Gael
George,O'Malley,&quot;&quot;,Mayo,Independent
Naoise,O'Muir,Male,Dublin Bay North,Fine Gael
Damien,O'Neill,Male,Dublin Bay North,Independent
Ruairi,O'Neill,Male,Galway West,Direct Democracy Ireland
Aisling ,O'Neill ,Female,Meath East,Social Democrats
Louise ,O'Reilly,Female,Dublin Fingal,Sinn Fein
Joe ,O'Reilly,Male,Cavan-Monaghan,Fine Gael
Aodhain ,O'Raordain ,Male,Dublin Bay North,Labour Party
Steven ,O'Riordan,Male,Cork North-West,Independent
Darren,O'Rourke,Male,Meath East,Sinn Fein
Paddy,O'Rourke,Male,Sligo-Leitrim,Fianna Fail
Frank,O'Rourke,Male,Kildare North,Fianna Fail
John Paul,O'Shea,Male,Cork North-West,Independent
Aengus,O'Snodaigh,Male,Dublin South-Central,Sinn Fein
Grace,O'Sullivan,Female,Waterford,Green Party
Maureen ,O'Sullivan,Female,Dublin Central,Independent
Jerry,O'Sullivan,Male,Cork North-West,Independent
Elizabeth ,O'Sullivan,Female,Kildare North,Independent
Jan ,O'Sullivan,Female,Limerick City,Labour Party
Niall,O'Tuathail,Male,Galway West,Social Democrats
Dom ,Parker,Male,Longford-Westmeath,Anti Austerity Alliance
Willie,Penrose,Male,Longford-Westmeath,Labour Party
John,Perry,Male,Sligo-Leitrim,Fine Gael
Cieran,Perry,Male,Dublin Central,Independent
Ann,Phelan,Female,Carlow-Kilkenny,Labour Party
John Paul ,Phelan,Male,Carlow-Kilkenny,Fine Gael
Gillian,Powell,Female,Cork South-West,Independent
Averil,Power,Female,Dublin Bay North,Independent
Mailo,Power,Female,Waterford,Renua
Cian ,Prendiville,Male,Limerick City,People Before Profit Alliance
Thomas,Pringle,Male,Donegal,Independent
Kieran Adam,Quigley,Male,Dublin South-West,Independent
Edward,Quilty,Male,Waterford,Direct Democracy Ireland
Maurice ,Quinlivan,Male,Limerick City,Sinn Fein
Anne ,Rabbitte ,Female,Galway East,Fianna Fail
Stephanie Bernadette,Regan,Female,Dublin Bay North,Fine Gael
James ,Reilly,Male,Dublin Fingal,Fine Gael
Kathryn ,Reilly ,Female,Cavan-Monaghan,Sinn Fein
Gerry,Reynolds,Male,Sligo-Leitrim,Fine Gael
Michael,Ring,Male,Mayo,Fine Gael
Denis,Riordan,Male,Limerick City,Independent
Annemarie ,Roche,Female,Galway East,Sinn Fein
Noel,Rock,Male,Dublin North-West,Fine Gael
Tommy,Roddy,Male,Galway West,Independent
Shane,Ross,Male,Dublin Rathdown,Independent
Patricia ,Ryan,Female,Kildare South,Sinn Fein
Ashling,Ryan,Female,Dublin Central,The Workers' Party
Eamon,Ryan,Male,Dublin Bay South,Green Party
Brendan,Ryan,Male,Dublin Fingal,Labour Party
Fiona,Ryan,Female,Cork South-Central ,People Before Profit Alliance
Teresa,Ryan-Feehan,Female,Offaly,Independent
Eamon,Scanlon,Male,Sligo-Leitrim,Fianna Fail
Mae,Sexton,&quot;&quot;,Longford-Westmeath,Independent
Alan,Shatter,Male,Dublin Rathdown,Fine Gael
Margaret,Sheehan,Female,Mayo,Green Party
Seamus,Sheridan,Male,Galway West,Green Party
Sean,Sherlock,Male,Cork East,Labour Party
Dessie,Shiels,Male,Donegal,Independent
Roisin,Shortall,Female,Dublin North-West,Social Democrats
Stephen ,Sinclair,Male,Dublin South-West,Direct Democracy Ireland
Emmett,Smith,&quot;&quot;,Cavan-Monaghan,Independent
Brendan,Smith,Male,Cavan-Monaghan,Fianna Fail
Breada,Smith,Female,Dublin South-Central,People Before Profit Alliance
Michael,Smith,Male,Tipperary,Fianna Fail
Fergal ,Smith,Male,Clare,Green Party
Ken,Smollen,Male,Offaly,Irish Democratic Party
Niamh ,Smyth,Female,Cavan-Monaghan,Fianna Fail
Carrie,Smyth,Female,Dun Laoghaire,Labour Party
Ossian,Smyth,Male,Dun Laoghaire,Green Party
Ian Noel,Smyth,Male,Dublin Central,Green Party
Barbara,Smyth,Female,Longford-Westmeath,Independent
Mary ,Smyth ,Female,Cavan-Monaghan,Renua
Arthur,Spring,Male,Kerry,Labour Party
Emmett ,Stagg,Male,Kildare North,Labour Party
Brian,Stanley,Male,Laois,Sinn Fein
David ,Stanton,Male,Cork East,Fine Gael
Joan,Summerville-Malloy,Female,Dublin South-West,Independent
Bernard,Sweeney ,Male,Sligo-Leitrim,Independent
Eoin,Tierney,Male,Dublin Bay South,Independent
Billy ,Timmins,Male,Wicklow,Renua
Francis ,Timmons,Male,Dublin Mid-West,Independent
Peadar ,Toibin,Male,Meath West,Sinn Fein
Robert,Troy,Male,Longford-Westmeath,Fianna Fail
Joanna ,Tuffy,Female,Dublin Mid-West,Labour Party
Ted,Tynan,Male,Cork North-Central,The Workers' Party
Sarah,Tyrrell,Male,Meath East,Renua
Kamal ,Uddin,Male,Mayo,Independent
Leo,Varadkar,Male,Dublin West,Fine Gael
Deirdre,Wadding,Female,Wexford,People Before Profit Alliance
Mark,Wall,Male,Kildare South,Labour Party
Mick,Wallace,Male,Wexford,Independents 4 Change
Adrienne ,Wallace,Female,Carlow-Kilkenny,People Before Profit Alliance
Ann,Walsh,Female,Wexford,Green Party
John,Walsh,Male,Waterford,Independent
Noel,Walsh,Male,Carlow-Kilkenny,Independent
Karen,Warren,Female,Dublin South-West,Fine Gael
Garett,Weldon,Male,Louth,People Before Profit Alliance
John,Whelan,Male,Laois,Labour Party
Mary ,White,Female,Dublin Rathdown,Fianna Fail
Alex,White ,Male,Dublin Rathdown,Labour Party
Raymond,Whitehead,&quot;&quot;,Dun Laoghaire,Direct Democracy Ireland
John ,Wilson,Male,Cavan-Monaghan,Independent
Maeve,Yore,Female,Louth,Independent
Brendan,Young ,Male,Kildare North,Independent
Katherine ,Zappone,Female,Dublin South-West,Independent
